Ten hang hoa,Ton Kho,So luong,Don gia
20in Monitor,262.0,1,11.99
27in 4K Gaming Monitor,439.0,1,99.99
27in FHD Monitor,492.0,1,700.0
34in Ultrawide Monitor,381.0,1,3.84
AA Batteries (4-pack),1826.0,1,3.84
AAA Batteries (4-pack),2019.0,1,11.99
Apple Airpods Headphones,1010.0,1,379.99
Bose SoundSport Headphones,880.0,1,109.99
Flatscreen TV,331.0,1,11.99
Google Phone,360.0,1,1700.0
LG Dryer,46.0,1,600.0
LG Washing Machine,48.0,1,3.84
Lightning Charging Cable,1441.0,1,3.84
Macbook Pro Laptop,299.0,1,149.99
ThinkPad Laptop,275.0,1,14.95
USB-C Charging Cable,1462.0,1,150.0
Vareebadd Phone,143.0,1,2.99
Wired Headphones,1290.0,1,11.95
iPhone,438.0,1,379.99
